{"cameraMode":{"drawMode":0,"name":"Shaded","section":"Shading Mode"},"sceneLighting":true,"audioPlay":false,"sceneViewState":{"showFog":true,"showMaterialUpdate":false,"showSkybox":true,"showFlares":true,"showImageEffects":true,"showParticleSystems":true},"in2DMode":false,"pivot":{"x":4.510987758636475,"y":-2.355712890625,"z":1.2754485607147217},"rotation":{"x":0.3056282103061676,"y":0.3766709566116333,"z":-0.13319914042949677,"w":0.8642776012420654},"size":10.673108100891114,"orthographic":false}