{"cameraMode":{"drawMode":0,"name":"Shaded","section":"Shading Mode"},"sceneLighting":false,"audioPlay":false,"sceneViewState":{"showFog":true,"showMaterialUpdate":false,"showSkybox":false,"showFlares":true,"showImageEffects":true,"showParticleSystems":true},"in2DMode":false,"pivot":{"x":8.77841567993164,"y":1.8696613311767579,"z":10.54527759552002},"rotation":{"x":0.009555461816489697,"y":0.671643853187561,"z":-0.008663225919008255,"w":0.7407629489898682},"size":7.678642749786377,"orthographic":false}